data,stato,ricoverati_con_sintomi,terapia_intensiva,totale_ospedalizzati,isolamento_domiciliare,totale_positivi,variazione_totale_positivi,nuovi_positivi,dimessi_guariti,deceduti,casi_da_sospetto_diagnostico,casi_da_screening,totale_casi,tamponi,casi_testati,note,ingressi_terapia_intensiva,note_test,note_casi
2020-02-24T18:00:00,ITA,101,26,127,94,221,0,221,1,7,,,229,4324,,,,,
2020-02-25T18:00:00,ITA,114,35,150,162,311,90,93,1,10,,,322,8623,,,,,
2020-02-26T18:00:00,ITA,128,36,164,221,385,74,78,3,12,,,400,9587,,,,,
2020-02-27T18:00:00,ITA,248,56,304,284,588,203,250,45,17,,,650,12014,,,,,
2020-02-28T18:00:00,ITA,345,64,409,412,821,233,238,46,21,,,888,15695,,,,,
2020-02-29T18:00:00,ITA,401,105,506,543,1049,228,240,50,29,,,1128,18661,,,,,
2020-03-01T18:00:00,ITA,639,140,779,798,1577,528,566,83,34,,,1694,21127,,,,,
2020-03-02T18:00:00,ITA,742,166,908,927,1835,258,342,149,52,,,2036,23345,,,,,
2020-03-03T18:00:00,ITA,1034,229,1263,1000,2263,428,466,160,79,,,2502,25856,,,,,
2020-03-04T18:00:00,ITA,1346,295,1641,1065,2706,443,587,276,107,,,3089,29837,,,,,
2020-03-05T18:00:00,ITA,1790,351,2141,1155,3296,590,769,414,148,,,3858,32362,,,,,
2020-03-06T18:00:00,ITA,2394,462,2856,1060,3916,620,778,523,197,,,4636,36359,,,,,
2020-03-07T18:00:00,ITA,2651,567,3218,1843,5061,1145,1247,589,233,,,5883,42062,,pd-IT-0003,,,
2020-03-08T18:00:00,ITA,3557,650,4207,2180,6387,1326,1492,622,366,,,7375,49937,,,,,
2020-03-09T18:00:00,ITA,4316,733,5049,2936,7985,1598,1797,724,463,,,9172,53826,,,,,
2020-03-10T18:00:00,ITA,5038,877,5915,2599,8514,529,977,1004,631,,,10149,60761,,pd-IT-0005,,,
2020-03-11T17:00:00,ITA,5838,1028,6866,3724,10590,2076,2313,1045,827,,,12462,73154,,nd-IT-0002,,,
2020-03-12T17:00:00,ITA,6650,1153,7803,5036,12839,2249,2651,1258,1016,,,15113,86011,,,,,
2020-03-13T17:00:00,ITA,7426,1328,8754,6201,14955,2116,2547,1439,1266,,,17660,97488,,,,,
2020-03-14T17:00:00,ITA,8372,1518,9890,7860,17750,2795,3497,1966,1441,,,21157,109170,,,,,
2020-03-15T17:00:00,ITA,9663,1672,11335,9268,20603,2853,3590,2335,1809,,,24747,124899,,,,,
2020-03-16T17:00:00,ITA,11025,1851,12876,10197,23073,2470,3233,2749,2158,,,27980,137962,,nd-IT-0004;nd-IT-0006,,,
2020-03-17T17:00:00,ITA,12894,2060,14954,11108,26062,2989,3526,2941,2503,,,31506,148657,,nd-IT-0009,,,
2020-03-18T17:00:00,ITA,14363,2257,16620,12090,28710,2648,4207,4025,2978,,,35713,165541,,nd-IT-0012;nd-IT-0014,,,
2020-03-19T17:00:00,ITA,15757,2498,18255,14935,33190,4480,5322,4440,3405,,,41035,182777,,,,,
2020-03-20T17:00:00,ITA,16020,2655,18675,19185,37860,4670,5986,5129,4032,,,47021,206886,,,,,
2020-03-21T17:00:00,ITA,17708,2857,20565,22116,42681,4821,6557,6072,4825,,,53578,233222,,,,,
2020-03-22T17:00:00,ITA,19846,3009,22855,23783,46638,3957,5560,7024,5476,,,59138,258402,,,,,
2020-03-23T17:00:00,ITA,20692,3204,23896,26522,50418,3780,4789,7432,6077,,,63927,275468,,,,,
2020-03-24T17:00:00,ITA,21937,3396,25333,28697,54030,3612,5249,8326,6820,,,69176,296964,,,,,
2020-03-25T17:00:00,ITA,23112,3489,26601,30920,57521,3491,5210,9362,7503,,,74386,324445,,,,,
2020-03-26T17:00:00,ITA,24753,3612,28365,33648,62013,4492,6153,10361,8165,,,80539,361060,,pd-IT-0007,,,
2020-03-27T17:00:00,ITA,26029,3732,29761,36653,66414,4401,5959,10950,9134,,,86498,394079,,,,,
2020-03-28T17:00:00,ITA,26676,3856,30532,39533,70065,3651,5974,12384,10023,,,92472,429526,,,,,
2020-03-29T17:00:00,ITA,27386,3906,31292,42588,73880,3815,5217,13030,10779,,,97689,454030,,pd-IT-0009,,,
2020-03-30T17:00:00,ITA,27795,3981,31776,43752,75528,1648,4050,14620,11591,,,101739,477359,,,,,
2020-03-31T17:00:00,ITA,28192,4023,32215,45420,77635,2107,4053,15729,12428,,,105792,506968,,,,,
2020-04-01T17:00:00,ITA,28403,4035,32438,48134,80572,2937,4782,16847,13155,,,110574,541423,,,,,
2020-04-02T17:00:00,ITA,28540,4053,32593,50456,83049,2477,4668,18278,13915,,,115242,581232,,,,,
2020-04-03T17:00:00,ITA,28741,4068,32809,52579,85388,2339,4585,19758,14681,,,119827,619849,,,,,
2020-04-04T17:00:00,ITA,29010,3994,33004,55270,88274,2886,4805,20996,15362,,,124632,657224,,,,,
2020-04-05T17:00:00,ITA,28949,3977,32926,58320,91246,2972,4316,21815,15887,,,128948,691461,,,,,
2020-04-06T17:00:00,ITA,28976,3898,32874,60313,93187,1941,3599,22837,16523,,,132547,721732,,,,,
2020-04-07T17:00:00,ITA,28718,3792,32510,61557,94067,880,3039,24392,17127,,,135586,755445,,,,,
2020-04-08T17:00:00,ITA,28485,3693,32178,63084,95262,1195,3836,26491,17669,,,139422,807125,,,,,
2020-04-09T17:00:00,ITA,28399,3605,32004,64873,96877,1615,4204,28470,18279,,,143626,853369,,,,,
2020-04-10T17:00:00,ITA,28242,3497,31739,66534,98273,1396,3951,30455,18849,,,147577,906864,,pd-IT-0011,,,
2020-04-11T17:00:00,ITA,28144,3381,31525,68744,100269,1996,4694,32534,19468,,,152271,963473,,,,,
2020-04-12T17:00:00,ITA,27847,3343,31190,71063,102253,1984,4092,34211,19899,,,156363,1010193,,dc-IT-0003,,,
2020-04-13T17:00:00,ITA,28023,3260,31283,72333,103616,1363,3153,35435,20465,,,159516,1046910,,,,,
2020-04-14T17:00:00,ITA,28011,3186,31197,73094,104291,675,2972,37130,21067,,,162488,1073689,,,,,
2020-04-15T17:00:00,ITA,27643,3079,30722,74696,105418,1127,2667,38092,21645,,,165155,1117404,,dc-IT-0005,,,
2020-04-16T17:00:00,ITA,26893,2936,29829,76778,106607,1189,3786,40164,22170,,,168941,1178403,,,,,
2020-04-17T17:00:00,ITA,25786,2812,28598,78364,106962,355,3493,42727,22745,,,172434,1244108,,,,,
2020-04-18T17:00:00,ITA,25007,2733,27740,80031,107771,809,3491,44927,23227,,,175925,1305833,,,,,
2020-04-19T17:00:00,ITA,25033,2635,27668,80589,108257,486,3047,47055,23660,,,178972,1356541,935310,,,,
2020-04-20T17:00:00,ITA,24906,2573,27479,80758,108237,-20,2256,48877,24114,,,181228,1398024,943151,dc-IT-0007,,,
2020-04-21T17:00:00,ITA,24134,2471,26605,81104,107709,-528,2729,51600,24648,,,183957,1450150,971246,pd-IT-0013,,,
2020-04-22T17:00:00,ITA,23805,2384,26189,81510,107699,-10,3370,54543,25085,,,187327,1513251,1015494,,,,
2020-04-23T17:00:00,ITA,22871,2267,25138,81710,106848,-851,2646,57576,25549,,,189973,1579909,1052577,pd-IT-0015;pd-IT-0017,,,
2020-04-24T17:00:00,ITA,22068,2173,24241,82286,106527,-321,3021,60498,25969,,,192994,1642356,1147850,dc-IT-0009;dc-IT-0011,,,
2020-04-25T17:00:00,ITA,21533,2102,23635,82212,105847,-680,2357,63120,26384,,,195351,1707743,1186526,,,,
2020-04-26T17:00:00,ITA,21372,2009,23381,82722,106103,256,2324,64928,26644,,,197675,1757659,1210639,dc-IT-0013,,,
2020-04-27T17:00:00,ITA,20353,1956,22309,83504,105813,-290,1739,66624,26977,,,199414,1789662,1237317,,,,
2020-04-28T17:00:00,ITA,19723,1863,21586,83619,105205,-608,2091,68941,27359,,,201505,1846934,1274871,,,,
2020-04-29T17:00:00,ITA,19210,1795,21005,83652,104657,-548,2086,71252,27682,,,203591,1910761,1313460,,,,
2020-04-30T17:00:00,ITA,18149,1694,19843,81708,101551,-3106,1872,75945,27967,,,205463,1979217,1354901,,,,
2020-05-01T17:00:00,ITA,17569,1578,19147,81796,100943,-608,1965,78249,28236,,,207428,2053425,1398633,dc-IT-0015,,,
2020-05-02T17:00:00,ITA,17357,1539,18896,81808,100704,-239,1900,79914,28710,,,209328,2108837,1429864,dc-IT-0017,,,
2020-05-03T17:00:00,ITA,17242,1501,18743,81436,100179,-525,1389,81654,28884,,,210717,2153772,1456911,,,,
2020-05-04T17:00:00,ITA,16823,1479,18302,81678,99980,-199,1221,82879,29079,,,211938,2191403,1479910,dc-IT-0019,,,
2020-05-05T17:00:00,ITA,16270,1427,17697,80770,98467,-1513,1075,85231,29315,,,213013,2246666,1512121,,,,
2020-05-06T17:00:00,ITA,15769,1333,17102,74426,91528,-6939,1444,93245,29684,,,214457,2310929,1549892,dc-IT-0021,,,
2020-05-07T17:00:00,ITA,15174,1311,16485,73139,89624,-1904,1401,96276,29958,,,215858,2381288,1563557,dc-IT-0023,,,
2020-05-08T17:00:00,ITA,14636,1168,15804,72157,87961,-1663,1327,99023,30201,,,217185,2445063,1608985,dc-IT-0025,,,
2020-05-09T17:00:00,ITA,13834,1034,14868,69974,84842,-3119,1083,103031,30395,,,218268,2514234,1645076,,,,
2020-05-10T17:00:00,ITA,13618,1027,14645,68679,83324,-1518,802,105186,30560,,,219070,2565912,1676460,,,,
2020-05-11T17:00:00,ITA,13539,999,14538,67950,82488,-836,744,106587,30739,,,219814,2606652,1702283,,,,
2020-05-12T17:00:00,ITA,12865,952,13817,67449,81266,-1222,1402,109039,30911,,,221216,2673655,1741903,dc-IT-0027,,,
2020-05-13T17:00:00,ITA,12172,893,13065,65392,78457,-2809,888,112541,31106,,,222104,2735628,1778952,,,,
2020-05-14T17:00:00,ITA,11453,855,12308,64132,76440,-2017,992,115288,31368,,,223096,2807504,1820083,dc-IT-0029,,,
2020-05-15T17:00:00,ITA,10792,808,11600,60470,72070,-4370,789,120205,31610,,,223885,2875680,1859110,dc-IT-0031,,,
2020-05-16T17:00:00,ITA,10400,775,11175,59012,70187,-1883,875,122810,31763,,,224760,2944859,1899767,,,,
2020-05-17T17:00:00,ITA,10311,762,11073,57278,68351,-1836,675,125176,31908,,,225435,3004960,1933272,,,,
2020-05-18T17:00:00,ITA,10207,749,10956,55597,66553,-1798,451,127326,32007,,,225886,3041366,1959373,pd-IT-0019,,,
2020-05-19T17:00:00,ITA,9991,716,10707,54422,65129,-1424,813,129401,32169,,,226699,3104524,1999599,dc-IT-0033,,,
2020-05-20T17:00:00,ITA,9624,676,10300,52452,62752,-2377,665,132282,32330,,,227364,3171719,2038216,,,,
2020-05-21T17:00:00,ITA,9269,640,9909,51051,60960,-1792,642,134560,32486,,,228006,3243398,2078860,,,,
2020-05-22T17:00:00,ITA,8957,595,9552,49770,59322,-1638,652,136720,32616,,,228658,3318778,2121847,,,,
2020-05-23T17:00:00,ITA,8695,572,9267,48485,57752,-1570,669,138840,32735,,,229327,3391188,2164426,,,,
2020-05-24T17:00:00,ITA,8613,553,9166,47428,56594,-1158,531,140479,32785,,,229858,3447012,2198632,pd-IT-0021,,,
2020-05-25T17:00:00,ITA,8185,541,8726,46574,55300,-1294,300,141981,32877,,,230158,3482253,2219308,dc-IT-0035,,,
2020-05-26T17:00:00,ITA,7917,521,8438,44504,52942,-2358,397,144658,32955,,,230555,3539927,2253252,,,,
2020-05-27T17:00:00,ITA,7729,505,8234,42732,50966,-1976,584,147101,33072,,,231139,3607251,2290551,,,,
2020-05-28T17:00:00,ITA,7379,489,7868,40118,47986,-2980,593,150604,33142,,,231732,3683144,2330389,,,,
2020-05-29T17:00:00,ITA,7094,475,7569,38606,46175,-1811,516,152844,33229,,,232248,3755279,2368622,dc-IT-0037,,,
2020-05-30T17:00:00,ITA,6680,450,7130,36561,43691,-2484,416,155633,33340,,,232664,3824621,2404673,nd-IT-0016,,,
2020-05-31T17:00:00,ITA,6387,435,6822,35275,42097,-1594,355,157507,33415,,,233019,3878739,2433621,pd-IT-0023,,,
2020-06-01T17:00:00,ITA,6099,424,6523,34844,41367,-730,178,158355,33475,,,233197,3910133,2451674,,,,
2020-06-02T17:00:00,ITA,5916,408,6324,33569,39893,-1474,318,160092,33530,,,233515,3962292,2477302,,,,
2020-06-03T17:00:00,ITA,5742,353,6095,33202,39297,-596,321,160938,33601,,,233836,3999591,2497337,,,,
2020-06-04T17:00:00,ITA,5503,338,5841,32588,38429,-868,177,161895,33689,,,234013,4049544,2524788,dc-IT-0039,,,
2020-06-05T17:00:00,ITA,5301,316,5617,31359,36976,-1453,518,163781,33774,,,234531,4114572,2565258,,,,
2020-06-06T17:00:00,ITA,5002,293,5295,30582,35877,-1099,270,165078,33846,,,234801,4187057,2599294,,,,
2020-06-07T17:00:00,ITA,4864,287,5151,30111,35262,-615,197,165837,33899,,,234998,4236535,2627188,,,,
2020-06-08T17:00:00,ITA,4729,283,5012,29718,34730,-532,280,166584,33964,,,235278,4263647,2643489,,,,
2020-06-09T17:00:00,ITA,4581,263,4844,28028,32872,-1858,283,168646,34043,,,235561,4318650,2675689,dc-IT-0041;dc-IT-0043,,,
2020-06-10T17:00:00,ITA,4320,249,4569,27141,31710,-1162,202,169939,34114,,,235763,4381349,2713554,,,,
2020-06-11T17:00:00,ITA,4131,236,4367,26270,30637,-1073,379,171338,34167,,,236142,4443821,2746545,,,,
2020-06-12T17:00:00,ITA,3893,227,4120,24877,28997,-1640,163,173085,34223,,,236305,4514441,2784196,dc-IT-0045;dc-IT-0047,,,
2020-06-13T17:00:00,ITA,3747,220,3967,23518,27485,-1512,346,174865,34301,,,236651,4564191,2817076,dc-IT-0049,,,
2020-06-14T17:00:00,ITA,3594,209,3803,22471,26274,-1211,338,176370,34345,,,236989,4620718,2846621,,,,
2020-06-15T17:00:00,ITA,3489,207,3696,22213,25909,-365,303,177010,34371,,,237290,4648825,2864084,dc-IT-0051,,,
2020-06-16T17:00:00,ITA,3301,177,3478,21091,24569,-1340,210,178526,34405,,,237500,4695707,2891846,,,,
2020-06-17T17:00:00,ITA,3113,163,3276,20649,23925,-644,329,179455,34448,,,237828,4773408,2925803,dc-IT-0053,,,
2020-06-18T17:00:00,ITA,2867,168,3035,20066,23101,-824,333,180544,34514,,,238159,4831562,2958724,dc-IT-0055,,,
2020-06-19T17:00:00,ITA,2632,161,2793,18750,21543,-1558,251,181907,34561,,,238011,4889103,2987294,dc-IT-0057;dc-IT-0059,,,
2020-06-20T17:00:00,ITA,2474,152,2626,18586,21212,-331,262,182453,34610,,,238275,4943825,3017169,dc-IT-0061;dc-IT-0063,,,
2020-06-21T17:00:00,ITA,2314,148,2462,18510,20972,-240,224,182893,34634,,,238499,4984370,3041750,,,,
2020-06-22T17:00:00,ITA,2038,127,2165,18472,20637,-335,218,183426,34657,,,238720,5013342,3057902,dc-IT-0065,,,
2020-06-23T17:00:00,ITA,1853,115,1968,17605,19573,-1064,122,184585,34675,,,238833,5053827,3081127,dc-IT-0067;dc-IT-0069,,,
2020-06-24T17:00:00,ITA,1610,107,1717,16938,18655,-918,190,186111,34644,,,239410,5107093,3111364,dc-IT-0071,,,
2020-06-25T17:00:00,ITA,1515,103,1618,16685,18303,-352,296,186725,34678,223905,15801,239706,5163154,3140785,,,,
2020-06-26T17:00:00,ITA,1356,105,1461,16177,17638,-665,259,187615,34708,223440,16521,239961,5215922,3169116,,,,
2020-06-27T17:00:00,ITA,1260,97,1357,15479,16836,-802,175,188584,34716,223262,16874,240136,5277273,3198837,,,,
2020-06-28T17:00:00,ITA,1160,98,1258,15423,16681,-155,174,188891,34738,223272,17038,240310,5314619,3220020,,,,
2020-06-29T17:00:00,ITA,1120,96,1216,15280,16496,-185,126,189196,34744,223254,17182,240436,5341837,3235504,,,,
2020-06-30T17:00:00,ITA,1090,93,1183,14380,15563,-933,142,190248,34767,222901,17677,240578,5390110,3263975,,,,
2020-07-01T17:00:00,ITA,1025,87,1112,14143,15255,-308,187,190717,34788,222564,18196,240760,5445476,3293300,,,,
2020-07-02T17:00:00,ITA,963,82,1045,14015,15060,-195,201,191083,34818,222464,18497,240961,5498719,3322447,,,,
2020-07-03T17:00:00,ITA,956,79,1035,13849,14884,-176,223,191467,34833,222430,18754,241184,5548815,3348127,,,,
2020-07-04T17:00:00,ITA,940,71,1011,13610,14621,-263,235,191944,34854,222324,19095,241419,5600826,3377073,,,,
2020-07-05T17:00:00,ITA,945,74,1019,13623,14642,21,192,192108,34861,222368,19243,241611,5638288,3398239,,,,
2020-07-06T17:00:00,ITA,946,72,1018,13691,14709,67,208,192241,34869,222410,19409,241819,5660454,3412010,,,,
2020-07-07T17:00:00,ITA,940,70,1010,13232,14242,-467,138,192815,34899,222292,19664,241956,5703673,3434500,,,,
2020-07-08T17:00:00,ITA,899,71,970,12625,13595,-647,193,193640,34914,222145,20004,242149,5754116,3463179,,,,
2020-07-09T17:00:00,ITA,871,69,940,12519,13459,-136,229,193978,34926,222106,20257,242363,5806668,3493126,,,,
2020-07-10T17:00:00,ITA,844,65,909,12519,13428,-31,276,194273,34938,222079,20560,242639,5854621,3520377,,,,
2020-07-11T17:00:00,ITA,826,67,893,12410,13303,-125,188,194579,34945,221994,20833,242827,5900552,3545826,,,,
2020-07-12T17:00:00,ITA,776,68,844,12335,13179,-124,234,194928,34954,222036,21025,243061,5938811,3568887,,,,
2020-07-13T17:00:00,ITA,768,65,833,12324,13157,-22,169,195106,34967,222074,21156,243230,5962744,3582893,,,,
2020-07-14T17:00:00,ITA,777,60,837,12082,12919,-238,114,195441,34984,222053,21291,243344,6004611,3607115,,,,
2020-07-15T17:00:00,ITA,797,57,854,11639,12493,-426,163,196016,34997,222075,21431,243506,6053060,3635507,,,,
2020-07-16T17:00:00,ITA,750,53,803,11670,12473,-20,230,196246,35017,222079,21657,243736,6103492,3663596,,,,
2020-07-17T17:00:00,ITA,771,50,821,11635,12456,-17,233,196483,35028,222072,21895,243967,6154259,3692257,,,,
2020-07-18T17:00:00,ITA,757,50,807,11561,12368,-88,249,196806,35042,222138,22078,244216,6202524,3719826,,,,
2020-07-19T17:00:00,ITA,743,49,792,11648,12440,72,219,196949,35045,222180,22254,244434,6238049,3740447,,,,
2020-07-20T17:00:00,ITA,745,47,792,11612,12404,-36,190,197162,35058,222212,22412,244624,6262302,3754568,,,,
2020-07-21T17:00:00,ITA,732,49,781,11467,12248,-156,129,197431,35073,222232,22520,244752,6305412,3778483,,,,
2020-07-22T17:00:00,ITA,724,48,772,11550,12322,74,282,197628,35082,222220,22812,245032,6354730,3807771,,,,
2020-07-23T17:00:00,ITA,713,49,762,11642,12404,82,306,197842,35092,222279,23059,245338,6415041,3840789,,,,
2020-07-24T17:00:00,ITA,713,46,759,11542,12301,-103,252,198192,35097,222294,23296,245590,6468375,3869759,,,,
2020-07-25T17:00:00,ITA,731,41,772,11670,12442,141,275,198320,35102,222348,23516,245864,6520046,3897818,,,,
2020-07-26T17:00:00,ITA,735,44,779,11786,12565,123,255,198446,35107,222382,23736,246118,6560572,3922995,,,,
2020-07-27T17:00:00,ITA,740,45,785,11796,12581,16,170,198593,35112,222442,23844,246286,6586123,3942369,,,,
2020-07-28T17:00:00,ITA,749,40,789,11820,12609,28,212,198756,35123,222473,24015,246488,6634293,3967710,,,,
2020-07-29T17:00:00,ITA,731,38,769,11847,12616,7,289,199031,35129,222569,24207,246776,6690311,3998585,,,,
2020-07-30T17:00:00,ITA,748,47,795,11435,12230,-386,386,199796,35132,222720,24438,247158,6752169,4031981,,,,
2020-07-31T17:00:00,ITA,716,41,757,11665,12422,192,379,199974,35141,222744,24793,247537,6813113,4061667,,,,
2020-08-01T17:00:00,ITA,705,43,748,11709,12457,35,295,200229,35146,222815,25017,247832,6873496,4093572,,,,
2020-08-02T17:00:00,ITA,708,42,750,11706,12456,-1,239,200460,35154,222877,25193,248070,6916765,4118068,,,,
2020-08-03T17:00:00,ITA,734,41,775,11699,12474,18,159,200589,35166,222891,25338,248229,6940801,4131535,,,,
2020-08-04T17:00:00,ITA,761,41,802,11680,12482,8,190,200766,35171,222954,25465,248419,6984589,4155026,,,,
2020-08-05T17:00:00,ITA,764,41,805,11841,12646,164,384,200976,35181,223044,25759,248803,7041040,4184765,,,,
2020-08-06T17:00:00,ITA,762,42,804,11890,12694,48,402,201323,35187,223113,26091,249204,7099713,4216934,,,,
2020-08-07T17:00:00,ITA,779,42,821,12103,12924,230,552,201642,35190,223201,26555,249756,7158909,4247326,,,,
2020-08-08T17:00:00,ITA,771,43,814,12139,12953,29,347,201947,35203,223232,26871,250103,7212207,4273957,,,,
2020-08-09T17:00:00,ITA,763,45,808,12455,13263,310,463,202098,35205,223440,27126,250566,7249844,4296730,,,,
2020-08-10T17:00:00,ITA,779,46,825,12543,13368,105,259,202248,35209,223556,27269,250825,7276276,4307634,,,,
2020-08-11T17:00:00,ITA,801,49,850,12711,13561,193,412,202461,35215,223674,27563,251237,7316918,4329697,,,,
2020-08-12T17:00:00,ITA,779,53,832,12959,13791,230,481,202697,35225,223844,27869,251713,7369576,4357027,,,,
2020-08-13T17:00:00,ITA,786,55,841,13240,14081,290,523,202923,35231,224058,28177,252235,7420764,4382656,,,,
2020-08-14T17:00:00,ITA,771,56,827,13422,14249,168,574,203326,35234,224319,28490,252809,7467487,4407524,,,,
2020-08-15T17:00:00,ITA,764,55,819,13587,14406,157,629,203640,35392,224521,28917,253438,7520610,4433461,,,,
2020-08-16T17:00:00,ITA,787,56,843,13890,14733,327,479,203786,35396,224694,29221,253915,7557417,4455931,,,,
2020-08-17T17:00:00,ITA,810,58,868,13999,14867,134,320,203968,35400,224812,29423,254235,7588083,4477310,,,,
2020-08-18T17:00:00,ITA,843,58,901,14188,15089,222,403,204142,35405,224974,29662,254636,7642059,4509997,,,,
2020-08-19T17:00:00,ITA,866,66,932,14428,15360,271,642,204506,35412,225215,30063,255278,7713154,4551287,,,,
2020-08-20T17:00:00,ITA,883,68,951,15063,16014,654,845,204686,35418,225516,30602,256118,7790596,4600949,,,,
2020-08-21T17:00:00,ITA,919,69,988,15690,16678,664,947,204960,35427,225880,31185,257065,7862592,4645892,,,,
2020-08-22T17:00:00,ITA,924,64,988,16515,17503,825,1071,205203,35430,226320,31816,258136,7940266,4692505,,,,
2020-08-23T17:00:00,ITA,971,69,1040,17398,18438,935,1210,205470,35437,226810,32535,259345,8007637,4739968,,,,
2020-08-24T17:00:00,ITA,1045,65,1110,18085,19195,757,953,205662,35441,227128,33170,260298,8053551,4773326,,,,
2020-08-25T17:00:00,ITA,1058,66,1124,18590,19714,519,878,206015,35445,227292,33882,261174,8125892,4819124,,,,
2020-08-26T17:00:00,ITA,1055,69,1124,19629,20753,1039,1367,206329,35458,227723,34817,262540,8219421,4877178,,,,
2020-08-27T17:00:00,ITA,1131,67,1198,20734,21932,1179,1411,206554,35463,228123,35826,263949,8313445,4934818,,,,
2020-08-28T17:00:00,ITA,1178,74,1252,21783,23035,1103,1462,206902,35472,228553,36856,265409,8410510,4999953,,,,
2020-08-29T17:00:00,ITA,1168,79,1247,22909,24156,1121,1444,207224,35473,229002,37851,266853,8509618,5064247,,,,
2020-08-30T17:00:00,ITA,1251,86,1337,23868,25205,1049,1365,207536,35477,229527,38691,268218,8586341,5117788,,,,
2020-08-31T17:00:00,ITA,1288,94,1382,24696,26078,873,996,207653,35483,229832,39382,269214,8644859,5160371,,,,
2020-09-01T17:00:00,ITA,1380,107,1487,25267,26754,676,978,207944,35491,230102,40087,270189,8725909,5214766,,,,
2020-09-02T17:00:00,ITA,1437,109,1546,26271,27817,1063,1326,208201,35497,230504,41011,271515,8828868,5280948,,,,
2020-09-03T17:00:00,ITA,1505,120,1625,27290,28915,1098,1397,208490,35507,230950,41962,272912,8921658,5342150,,,,
2020-09-04T17:00:00,ITA,1607,121,1728,28371,30099,1184,1733,209027,35518,231587,43057,274644,9034743,5414708,,,,
2020-09-05T17:00:00,ITA,1620,121,1741,29453,31194,1095,1694,209610,35533,232219,44118,276337,9142401,5484345,,,,
2020-09-06T17:00:00,ITA,1683,133,1816,30262,32078,884,1297,210015,35541,232733,44901,277634,9219257,5538028,,,,
2020-09-07T17:00:00,ITA,1719,142,1861,31132,32993,915,1108,210238,35553,233115,45669,278784,9271810,5578731,,,,
2020-09-08T17:00:00,ITA,1760,143,1903,31886,33789,796,1370,210801,35563,233555,46598,280153,9364213,5636663,,,,
2020-09-09T17:00:00,ITA,1778,150,1928,32806,34734,945,1434,211272,35577,234029,47554,281583,9460203,5699709,,,,
2020-09-10T17:00:00,ITA,1836,164,2000,33708,35708,974,1597,211885,35587,234651,48529,283180,9554389,5757488,,,,
2020-09-11T17:00:00,ITA,1849,175,2024,34743,36767,1059,1616,212432,35597,235322,49474,284796,9653269,5818910,,,,
2020-09-12T17:00:00,ITA,1951,182,2133,35370,37503,736,1501,213191,35603,235946,50351,286297,9745975,5875462,,,,
2020-09-13T17:00:00,ITA,2042,187,2229,36280,38509,1006,1458,213634,35610,236567,51186,287753,9818118,5924322,,,,
2020-09-14T17:00:00,ITA,2122,197,2319,36868,39187,678,1008,213950,35624,237003,51758,288761,9863427,5956171,,,,
2020-09-15T17:00:00,ITA,2222,201,2423,37289,39712,525,1229,214645,35633,237475,52515,289990,9943944,6006675,,,,
2020-09-16T17:00:00,ITA,2285,207,2492,38040,40532,820,1452,215265,35645,238097,53345,291442,10044551,6064792,,,,
2020-09-17T17:00:00,ITA,2348,212,2560,38853,41413,881,1585,215954,35658,238845,54180,293025,10146324,6127243,,,,
2020-09-18T17:00:00,ITA,2387,208,2595,39862,42457,1044,1907,216807,35668,239692,55240,294932,10246163,6187258,,,,
2020-09-19T17:00:00,ITA,2380,215,2595,40566,43161,704,1638,217716,35692,240377,56192,296569,10349386,6248028,,,,
2020-09-20T17:00:00,ITA,2365,222,2587,41511,44098,937,1587,218351,35707,241017,57139,298156,10432814,6302761,,,,
2020-09-21T17:00:00,ITA,2475,232,2707,42372,45079,981,1350,218703,35724,241638,57868,299506,10488676,6342654,,,,
2020-09-22T17:00:00,ITA,2604,239,2843,42646,45489,410,1392,219670,35738,242173,58724,300897,10575979,6391999,,,,
2020-09-23T17:00:00,ITA,2658,244,2902,43212,46114,625,1640,220665,35758,242958,59579,302537,10679675,6455762,,,,
2020-09-24T17:00:00,ITA,2731,246,2977,43803,46780,666,1786,221762,35781,243680,60643,304323,10787694,6520661,,,,
2020-09-25T17:00:00,ITA,2737,244,2981,44737,47718,938,1912,222716,35801,244489,61746,306235,10894963,6584670,,,,
2020-09-26T17:00:00,ITA,2746,247,2993,45600,48593,875,1869,223693,35818,245365,62739,308104,10999350,6646695,,,,
2020-09-27T17:00:00,ITA,2846,254,3100,46518,49618,1025,1766,224417,35835,246156,63714,309870,11087064,6700432,,,,
2020-09-28T17:00:00,ITA,2977,264,3241,47082,50323,705,1494,225190,35851,246842,64522,311364,11138173,6732777,,,,
2020-09-29T17:00:00,ITA,3048,271,3319,47311,50630,307,1648,226506,35875,247628,65383,313011,11228358,6786395,,,,
2020-09-30T17:00:00,ITA,3047,280,3327,47936,51263,633,1851,227704,35894,248613,66248,314861,11333922,6848755,,,,
2020-10-01T17:00:00,ITA,3097,291,3388,49259,52647,1384,2548,228844,35918,249940,67469,317409,11452158,6916588,,,,
2020-10-02T17:00:00,ITA,3142,294,3436,50561,53997,1350,2499,229970,35941,251377,68531,319908,11572459,6988317,,,,
2020-10-03T17:00:00,ITA,3205,297,3502,52064,55566,1569,2844,231217,35968,252951,69800,322751,11691391,7057949,,,,
2020-10-04T17:00:00,ITA,3287,303,3590,53839,57429,1863,2578,231914,35986,254348,70981,325329,11784105,7117315,,,,
2020-10-05T17:00:00,ITA,3487,323,3810,55093,58903,1474,2257,232681,36002,255576,72010,327586,11844346,7153866,,,,
2020-10-06T17:00:00,ITA,3625,319,3944,56190,60134,1231,2677,234099,36030,256986,73277,330263,11944088,7216379,,,,
2020-10-07T17:00:00,ITA,3782,337,4119,58457,62576,2442,3678,235303,36061,258884,75056,333940,12069402,7296766,,,,
2020-10-08T17:00:00,ITA,3925,358,4283,61669,65952,3376,4458,236363,36083,261304,77094,338398,12197500,7365751,,,,
2020-10-09T17:00:00,ITA,4086,387,4473,65637,70110,4158,5372,237549,36111,264137,79633,343770,12326971,7443593,,,,
2020-10-10T17:00:00,ITA,4336,390,4726,70103,74829,4719,5724,238525,36140,267320,82174,349494,12460055,7523702,,,,
2020-10-11T17:00:00,ITA,4519,420,4939,74136,79075,4246,5456,239709,36166,270510,84440,354950,12564713,7592410,,,,
2020-10-12T17:00:00,ITA,4821,452,5273,77491,82764,3689,4619,240600,36205,272960,86609,359569,12650155,7652059,,,,
2020-10-13T17:00:00,ITA,5076,514,5590,81603,87193,4429,5901,242028,36246,276267,89200,365467,12762699,7722319,,,,
2020-10-14T17:00:00,ITA,5470,539,6009,86436,92445,5252,7332,244065,36289,280479,92320,372799,12914895,7809920,,,,
2020-10-15T17:00:00,ITA,5796,586,6382,92884,99266,6821,8804,245964,36372,285569,96033,381602,13077827,7908462,,,,
2020-10-16T17:00:00,ITA,6178,638,6816,100496,107312,8046,10010,247872,36427,291410,100201,391611,13228204,8000864,,,,
2020-10-17T17:00:00,ITA,6617,705,7322,109613,116935,9623,10925,249127,36474,297983,104553,402536,13394041,8104190,,,,
2020-10-18T17:00:00,ITA,7131,750,7881,118356,126237,9302,11705,251461,36543,305260,108981,414241,13540582,8199744,,,,
2020-10-19T17:00:00,ITA,7676,797,8473,125530,134003,7766,9338,252959,36616,310881,112697,423578,13639444,8265568,,,,
2020-10-20T17:00:00,ITA,8454,870,9324,133415,142739,8736,10874,255005,36705,315734,118715,434449,13784181,8353248,,,,
2020-10-21T17:00:00,ITA,9057,926,9983,145459,155442,12703,15199,257374,36832,324455,125193,449648,13962029,8459736,,,,
2020-10-22T17:00:00,ITA,9694,992,10686,158616,169302,13860,16079,259456,36968,333450,132276,465726,14132421,8564608,,,,
2020-10-23T17:00:00,ITA,10549,1049,11598,174404,186002,16700,19143,261808,37059,344414,140455,484869,14314453,8679107,,,,
2020-10-24T17:00:00,ITA,11287,1128,12415,190767,203182,17180,19644,264117,37210,355768,148741,504509,14492122,8788780,,,,
2020-10-25T17:00:00,ITA,12006,1208,13214,209027,222241,19059,21273,266203,37338,369359,156423,525782,14654002,8890656,,,,
2020-10-26T17:00:00,ITA,12997,1284,14281,222403,236684,14443,17012,268626,37479,378783,164006,542789,14778688,8969472,,,,
2020-10-27T17:00:00,ITA,13955,1411,15366,239724,255090,18406,21994,271988,37700,391879,172899,564778,14953086,9075818,,,,
2020-10-28T17:00:00,ITA,14981,1536,16517,259940,276457,21367,24991,275404,37905,406130,183636,589766,15152038,9197638,,,,
2020-10-29T17:00:00,ITA,15964,1651,17615,281576,299191,22734,26831,279282,38122,421834,194761,616595,15353490,9316495,,,,
2020-10-30T17:00:00,ITA,16994,1746,18740,307046,325786,26595,31084,283567,38321,439297,208377,647674,15568575,9446183,,,,
2020-10-31T17:00:00,ITA,17966,1843,19809,331577,351386,25600,31758,289426,38618,460502,218928,679430,15784461,9578462,,,,
2020-11-01T17:00:00,ITA,18902,1939,20841,357288,378129,26743,29907,292380,38826,474270,235065,709335,15967918,9695940,,,,
2020-11-02T17:00:00,ITA,19840,2022,21862,374650,396512,18383,22253,296017,39059,487976,243612,731588,16103649,9783603,,,,
2020-11-03T17:00:00,ITA,21114,2225,23339,394803,418142,21630,28244,302275,39412,503468,256361,759829,16285936,9893535,,,,
2020-11-04T17:00:00,ITA,22116,2292,24408,418827,443235,25093,30550,307378,39747,520799,269578,790377,16497767,10021035,,,,
2020-11-05T17:00:00,ITA,23256,2391,25647,446701,472348,29113,34505,312339,40192,541173,283706,824879,16717651,10155585,,,,
2020-11-06T17:00:00,ITA,24005,2515,26520,472598,499118,26770,37809,322925,40638,562010,300671,862681,16951896,10290151,,,,
2020-11-07T17:00:00,ITA,25109,2634,27743,504793,532536,33418,39811,328891,41063,583660,318830,902490,17183569,10427797,,,,
2020-11-08T17:00:00,ITA,26440,2749,29189,529447,558636,26100,32616,335074,41394,601403,333701,935104,17374713,10547046,,,,
2020-11-09T17:00:00,ITA,27636,2849,30485,542849,573334,14698,25271,345289,41750,614843,345530,960373,17522438,10635747,,,,
2020-11-10T17:00:00,ITA,28633,2971,31604,558506,590110,16776,35098,363023,42330,636202,359261,995463,17740196,10765561,,,,
2020-11-11T17:00:00,ITA,29444,3081,32525,580833,613358,23248,32961,372113,42953,657205,371219,1028424,17965836,10891971,,,,
2020-11-12T17:00:00,ITA,29873,3170,33043,602011,635054,21696,37978,387758,43589,674591,391810,1066401,18200508,11025449,,,,
2020-11-13T17:00:00,ITA,30914,3230,34144,629782,663926,28872,40902,399238,44139,697312,409991,1107303,18455416,11170324,,,,
2020-11-14T17:00:00,ITA,31398,3306,34704,653731,688435,24509,37255,411434,44683,718482,426070,1144552,18683111,11305441,,,,
2020-11-15T17:00:00,ITA,32047,3422,35469,677021,712490,24055,33979,420810,45229,736846,441683,1178529,18878386,11416172,,,,
2020-11-16T17:00:00,ITA,32536,3492,36028,681756,717784,5294,27354,442364,45733,751766,454115,1205881,19031049,11505254,,,,
2020-11-17T17:00:00,ITA,33074,3612,36686,697124,733810,16026,32191,457798,46464,770282,467790,1238072,19239507,11620187,,,,
2020-11-18T17:00:00,ITA,33504,3670,37174,705994,743168,9358,34282,481967,47217,784687,487665,1272352,19474341,11744424,,,,
2020-11-19T17:00:00,ITA,33610,3712,37322,724349,761671,18503,36176,498987,47870,802852,505676,1308528,19724527,11882821,,,,
2020-11-20T17:00:00,ITA,33957,3748,37705,739471,777176,15505,37242,520022,48569,825417,520350,1345767,19962604,11999674,,,,
2020-11-21T17:00:00,ITA,34063,3758,37821,753925,791746,14570,34767,539524,49261,844177,536354,1380531,20199829,12120989,,,,
2020-11-22T17:00:00,ITA,34279,3801,38080,767867,805947,14201,28337,553098,49823,858957,549911,1408868,20388576,12225850,,,,
2020-11-23T17:00:00,ITA,34697,3810,38507,758342,796849,-9098,22930,584493,50453,870461,561334,1431795,20537521,12303705,,,,
2020-11-24T17:00:00,ITA,34577,3816,38393,759993,798386,1537,23232,605330,51306,882238,572784,1455022,20726180,12398952,,,,
2020-11-25T17:00:00,ITA,34313,3848,38161,753536,791697,-6689,25853,637149,52028,896155,584719,1480874,20956187,12513129,,,,
2020-11-26T17:00:00,ITA,34038,3846,37884,757961,795845,4148,29003,661180,52850,914390,595485,1509875,21188898,12623390,,,,
2020-11-27T17:00:00,ITA,33684,3782,37466,750427,787893,-7952,28352,696647,53677,928191,610026,1538217,21411701,12729411,,,,
2020-11-28T17:00:00,ITA,33299,3762,37061,752247,789308,1415,26323,720861,54363,942048,622484,1564532,21637641,12842250,,,,
2020-11-29T17:00:00,ITA,32879,3753,36632,759139,795771,6463,20648,734503,54904,958832,626346,1585178,21814575,12922382,,,,
2020-11-30T17:00:00,ITA,33187,3744,36931,751540,788471,-7300,16377,757507,55576,966577,634977,1601554,21945099,12986634,,,,
2020-12-01T17:00:00,ITA,32811,3663,36474,743471,779945,-8526,19350,784595,56361,971784,649117,1620901,22127199,13071746,,,,
2020-12-02T17:00:00,ITA,32454,3616,36070,725160,761230,-18715,20709,823335,57045,988470,653140,1641610,22334342,13167345,,,,
2020-12-03T17:00:00,ITA,31772,3597,35369,724613,759982,-1248,23225,846809,58038,0,0,1664829,22554389,13264937,,217,,
2020-12-04T17:00:00,ITA,31200,3567,34767,722935,757702,-2280,24099,872385,58852,,,1688939,22767130,13348428,,201,,
2020-12-05T17:00:00,ITA,30158,3517,33675,720494,754169,-3533,21052,896308,59514,,,1709991,22962114,14243149,,192,,
2020-12-06T17:00:00,ITA,30391,3454,33845,721461,755306,1137,18887,913494,60078,,,1728878,23125664,13510154,,150,,
2020-12-07T17:00:00,ITA,30524,3382,33906,714913,748819,-6487,13720,933132,60606,,,1742557,23236881,13563263,,144,,
2020-12-08T17:00:00,ITA,30081,3345,33426,704099,737525,-11294,14842,958629,61240,,,1757394,23386113,13622814,,192,,
2020-12-09T17:00:00,ITA,29653,3320,32973,677542,710515,-27010,12756,997895,61739,,,1770149,23504588,13673746,,152,,
2020-12-10T17:00:00,ITA,29088,3291,32379,664148,696527,-13988,16999,1027994,62626,,,1787147,23676174,13744859,,251,,
2020-12-11T17:00:00,ITA,28562,3265,31827,658496,690323,-6204,18727,1052163,63387,,,1805873,23866590,13823013,,208,,
2020-12-12T17:00:00,ITA,28066,3199,31265,653583,684848,-5475,19903,1076891,64036,,,1825775,24063029,13901576,,195,,
2020-12-13T17:00:00,ITA,27735,3158,30893,655138,686031,1183,17938,1093161,64520,,,1843712,24215726,13971600,,152,,
2020-12-14T17:00:00,ITA,27765,3095,30860,644249,675109,-10922,12030,1115617,65011,,,1855737,24319310,14022752,,138,,
2020-12-15T17:00:00,ITA,27342,3003,30345,632968,663313,-11796,14844,1141406,65857,,,1870576,24483741,14086989,,199,,
2020-12-16T17:00:00,ITA,26897,2926,29823,615883,645706,-17607,17572,1175901,66537,,,1888144,24683230,14165961,,191,,
2020-12-17T17:00:00,ITA,26427,2855,29282,606061,635343,-10363,18236,1203814,67220,,,1906377,24635720,14246739,,183,,
2020-12-18T17:00:00,ITA,25769,2819,28588,599210,627798,-7545,17992,1226086,67894,,,1921778,24815520,14150088,,189,,
2020-12-19T17:00:00,ITA,25364,2784,28148,592018,620166,-7632,16308,1249470,68447,,,1938083,24991705,14225200,,160,,
2020-12-20T17:00:00,ITA,25158,2743,27901,594859,622760,2594,15104,1261626,68799,,,1953185,25129125,14289494,,121,,
2020-12-21T17:00:00,ITA,25145,2731,27876,585706,613582,-9178,10872,1281258,69214,,,1964054,25217014,14331832,,161,,
2020-12-22T17:00:00,ITA,24948,2687,27635,578320,605955,-7627,13318,1301573,69842,,,1977370,25374719,14386848,,201,,
2020-12-23T17:00:00,ITA,24546,2624,27170,571646,598816,-7139,14522,1322067,70395,,,1991278,25558583,14453521,,216,,
2020-12-24T17:00:00,ITA,24070,2589,26659,566973,593632,-5184,18040,1344785,70900,,,2009317,25752360,14530706,,149,,
2020-12-25T17:00:00,ITA,23402,2584,25986,553900,579886,-13746,19037,1377109,71359,,,2028354,25904694,14597413,,165,,
2020-12-26T17:00:00,ITA,23312,2580,25892,555051,580943,1057,10431,1386213,71627,,,2038783,25986258,14631296,,133,,
2020-12-27T17:00:00,ITA,23571,2580,26151,555609,581760,817,8913,1394011,71925,,,2047696,26046137,14656053,,148,,
2020-12-28T17:00:00,ITA,23932,2565,26497,548724,575221,-6539,8585,1408686,72370,,,2056277,26114818,14685718,,167,,
2020-12-29T17:00:00,ITA,23662,2549,26211,542517,568728,-6493,11224,1425730,73029,,,2067487,26243558,14731420,,256,,
2020-12-30T17:00:00,ITA,23566,2528,26094,538301,564395,-4333,16202,1445690,73604,,,2083689,26412603,14795168,,175,,
2020-12-31T17:00:00,ITA,23151,2555,25706,544190,569896,5501,23477,1463111,74159,,,2107166,26598607,14871966,,202,,
2021-01-01T17:00:00,ITA,22822,2553,25375,549392,574767,4871,22211,1479988,74621,,,2129376,26756131,14941976,,145,,
2021-01-02T17:00:00,ITA,22948,2569,25517,551545,577062,2295,11831,1489154,74985,,,2141201,26823305,14972427,,134,,
2021-01-03T17:00:00,ITA,23075,2583,25658,550556,576214,-848,14245,1503900,75332,,,2155446,26926279,15016737,,154,,
2021-01-04T17:00:00,ITA,23317,2579,25896,544562,570458,-5756,10800,1520106,75680,,,2166244,27004272,15052154,,136,,
2021-01-05T17:00:00,ITA,23395,2569,25964,543197,569161,-1297,15378,1536129,76329,,,2181619,27139378,15106666,,202,,
2021-01-06T17:00:00,ITA,23174,2571,25745,542967,568712,-449,20331,1556356,76877,,,2201945,27317974,15182385,,183,,
2021-01-07T17:00:00,ITA,23291,2587,25878,545177,571055,2343,18020,1572015,77291,,,2220361,27439249,15235808,,156,,
2021-01-08T17:00:00,ITA,23313,2587,25900,544489,570389,-666,17533,1589590,77911,,,2237890,27579516,15292666,,187,,
2021-01-09T17:00:00,ITA,23260,2593,25853,546989,572842,2453,19978,1606630,78394,,,2257866,27751635,15359083,,183,,
2021-01-10T17:00:00,ITA,23427,2615,26042,553890,579932,7090,18627,1617804,78755,,,2276491,27891393,15422188,,181,,
2021-01-11T17:00:00,ITA,23603,2642,26245,549734,575979,-3953,12532,1633839,79203,,,2289021,27983049,15464741,,168,,
